<?xml version="1.0" standalone="no" ?>
<manifest identifier="SZF2u1NMEApiER_5kX5hlAIMes7OUsXINa4LdCPT" version="1.3"
  xmlns="http://www.imsglobal.org/xsd/imscp_v1p1"
  xmlns:xsi="http://www.w3.org/2001/XMLSchema-instance"
  xmlns:adlcp="http://www.adlnet.org/xsd/adlcp_v1p3"
  xmlns:adlseq="http://www.adlnet.org/xsd/adlseq_v1p3"
  xmlns:imsss="http://www.imsglobal.org/xsd/imsss"
  xsi:schemaLocation="http://www.imsglobal.org/xsd/imscp_v1p1 imscp_v1p1.xsd
                      http://www.adlnet.org/xsd/adlcp_v1p3 adlcp_v1p3.xsd
                      http://www.adlnet.org/xsd/adlseq_v1p3 adlseq_v1p3.xsd
                      http://www.imsglobal.org/xsd/imsss imsss_v1p0.xsd">
  <metadata>
    <schema>ADL SCORM</schema>
    <schemaversion>2004 4th Edition</schemaversion>
    <adlcp:location>metadata.xml</adlcp:location>
  </metadata>
  <organizations default="B0">
    <organization identifier="B0" adlseq:objectivesGlobalToSystem="false">
      <title>REVENUE DIVERSIFICATION</title>
      <item identifier="i1" identifierref="r1" isvisible="true">
        <title>REVENUE DIVERSIFICATION</title>
        <adlcp:dataFromLMS>eyJjcHYiOiJOYTRMZENQVCIsInJsZCI6ZmFsc2V9</adlcp:dataFromLMS>
        <imsss:sequencing>
          <imsss:deliveryControls tracked="true" completionSetByContent="true" objectiveSetByContent="true"/>
        </imsss:sequencing>
      </item>
      <metadata>
        <adlcp:location>metadata.xml</adlcp:location>
      </metadata>
      <imsss:sequencing>
        <imsss:controlMode choice="true" flow="true"/>
      </imsss:sequencing>
    </organization>
  </organizations>
  <resources>
    <resource identifier="r1" type="webcontent" adlcp:scormType="sco" href="scormdriver/indexAPI.html">
      <!-- SCORMDRIVER STUFF -->
      <file href="scormdriver/indexAPI.html" />
      <file href="scormdriver/preloadIntegrity.js" />
      <file href="scormdriver/driverOptions.js" />
      <file href="scormdriver/AICCComm.html" />
      <file href="scormdriver/auto-scripts/AutoBookmark.js" />
      <file href="scormdriver/auto-scripts/AutoCompleteSCO.js" />
      <file href="scormdriver/auto-scripts/CourseExit.js" />
      <file href="scormdriver/blank.html" />
      <file href="scormdriver/goodbye.html" />
      <file href="scormdriver/scormdriver.js" />
      <file href="scormdriver/browsersniff.js" />

      <!-- RUNTIME COMMON STUFF -->
      <file href="scormcontent/index.html" />

      
        <file href="scormcontent/lib/fonts/icomoon.ttf"/>
        <file href="scormcontent/lib/fonts/icomoon.woff"/>

        <file href="scormcontent/lib/icomoon.css"/>
        <file href="scormcontent/lib/player-0.0.11.min.js"/>
        <file href="scormcontent/lib/lzwcompress.js"/>
      

      <!-- FRONTEND BUNDLE ASSETS -->
      <file href="scormcontent/lib/rise/7922147b.js" />
<file href="scormcontent/lib/rise/b7e6275d.css" />
<file href="scormcontent/lib/rise/76816457.js" />
<file href="scormcontent/lib/rise/0ec1ba07.css" />
<file href="scormcontent/lib/rise/f9473f5e.js" />
<file href="scormcontent/lib/rise/5ce3f37c.js" />
<file href="scormcontent/lib/rise/e8c73cc3.js" />
<file href="scormcontent/lib/rise/dbd76bf1.js" />
<file href="scormcontent/lib/rise/3c4d17f3.js" />
<file href="scormcontent/lib/mondrian/entry.js" />
<file href="scormcontent/lib/mondrian/f29f3d92.js" />
<file href="scormcontent/lib/mondrian/4d907763.js" />
<file href="scormcontent/lib/mondrian/215fe725.js" />
<file href="scormcontent/lib/mondrian/c16e7dd3.js" />
<file href="scormcontent/lib/mondrian/5ebb90af.js" />
<file href="scormcontent/lib/mondrian/825dd797.js" />
<file href="scormcontent/lib/mondrian/beccd965.js" />
<file href="scormcontent/lib/mondrian/56ae9b9c.js" />


      <!-- RUNTIME CONTENT STUFF -->
      <file href="scormcontent/lib/fonts/Montserrat-SemiBold.woff" />
<file href="scormcontent/lib/fonts/Montserrat-Medium.woff" />
<file href="scormcontent/lib/fonts/Montserrat-Black.woff" />
<file href="scormcontent/lib/fonts/Montserrat-Bold.woff" />
<file href="scormcontent/lib/fonts/Montserrat-Italic.woff" />
<file href="scormcontent/lib/fonts/Montserrat-Regular.woff" />
<file href="scormcontent/lib/fonts/Montserrat-Light.woff" />
<file href="scormcontent/lib/fonts/Lato-Black.woff" />
<file href="scormcontent/lib/fonts/Lato-Italic.woff" />
<file href="scormcontent/lib/fonts/Lato-Bold.woff" />
<file href="scormcontent/lib/fonts/Lato-Regular.woff" />
<file href="scormcontent/lib/fonts/Lato-Light.woff" />
<file href="scormcontent/lib/fonts/Cormorant-Bold.woff" />
<file href="scormcontent/lib/fonts/Cormorant-Italic.woff" />
<file href="scormcontent/lib/fonts/Cormorant-Regular.woff" />
<file href="scormcontent/lib/fonts/Cormorant-Light.woff" />
<file href="scormcontent/assets/small.png" />
<file href="scormcontent/assets/X-_7oWgBRCDdw8cu98.jpg" />
<file href="scormcontent/assets/Intro%20banner.png" />
<file href="scormcontent/assets/SOCIAL%20ENTERPRISE%20DEV.png" />
<file href="scormcontent/assets/Picture1.png" />
<file href="scormcontent/assets/pexels-shvetsa-3683053.jpg" />
<file href="scormcontent/assets/pexels-pixabay-355952.jpg" />
<file href="scormcontent/assets/pexels-sora-shimazaki-5668473.jpg" />
<file href="scormcontent/assets/pexels-karolina-grabowska-7876499.jpg" />
<file href="scormcontent/assets/pexels-sebastian-411207.jpg" />
<file href="scormcontent/assets/business%20model%20canvas.png" />
<file href="scormcontent/assets/pexels-jplenio-1146708.jpg" />
<file href="scormcontent/assets/pexels-anna-nekrashevich-6801636.jpg" />
<file href="scormcontent/assets/rb_25954.png" />
<file href="scormcontent/assets/rb_2275.png" />
<file href="scormcontent/assets/pexels-pixabay-236970.jpg" />
<file href="scormcontent/assets/BWSYq-/rb_2275.png" />
<file href="scormcontent/assets/pexels-jeswin-700971.jpg" />
<file href="scormcontent/assets/pexels-pixabay-60582.jpg" />
<file href="scormcontent/assets/rb_10413.png" />
<file href="scormcontent/assets/Screenshot%202024-12-18%20093152.jpg" />
<file href="scormcontent/assets/Screenshot%202024-12-18%20093457.jpg" />
<file href="scormcontent/assets/pexels-minan1398-853168%20%281%29.jpg" />
<file href="scormcontent/assets/ETFIKE/mountains.jpg" />
<file href="scormcontent/assets/pexels-akos-szabo-145938-440731.jpg" />
<file href="scormcontent/assets/Section%20Completion.jpg" />

      <file href="scormcontent/locales/und.js" />

    </resource>
  </resources>
</manifest>
